4,5,5,2
13,8,10,5,6,2,8,4
27,28,26,27,19,19,11,9,7,17,8,11,8,8,5,10
55,57,54,57,55,45,51,54,44,44,44,31,39,35,19,17,15,17,17,25,25,25,25,39,19,16,13,10,12,9,6,18
110,113,109,114,111,114,106,113,110,90,106,110,88,109,99,86,107,85,85,105,67,83,72,72,81,71,54,80,60,96,35,33,31,35,32,32,33,33,33,58,66,85,47,48,49,53,44,45,38,35,32,57,27,24,21,18,29,26,23,19,16,13,10,46
217,221,216,223,219,224,213,224,219,225,214,224,218,224,206,224,216,179,210,221,178,220,203,176,212,217,174,216,210,172,191,213,170,170,199,169,161,208,167,167,206,206,120,165,165,137,164,164,118,163,163,133,162,132,106,193,130,192,192,115,104,190,67,65,63,67,64,64,65,65,65,65,65,65,65,65,65,65,65,108,127,108,133,107,107,107,89,90,88,91,89,102,91,101,158,158,158,76,73,70,67,94,61,78,55,52,49,46,43,40,37,34,60,57,54,73,49,61,43,39,36,33,30,27,24,21,18,89
439,444,438,447,442,450,435,451,443,453,437,453,444,454,428,455,443,455,434,454,443,454,426,454,441,453,431,453,440,453,413,452,439,360,426,449,359,448,415,358,434,445,358,444,432,356,403,441,354,440,416,352,427,437,351,436,425,350,411,433,349,432,382,347,430,346,346,428,326,344,391,343,343,423,322,341,421,340,376,339,318,417,417,282,335,336,281,281,334,280,280,332,279,331,331,236,330,330,277,329,277,277,327,276,300,325,274,211,323,272,296,389,209,388,388,267,292,207,233,242,383,231,206,381,229,380,131,129,127,131,128,128,129,129,129,129,129,129,129,129,129,129,129,129,129,129,129,129,129,129,129,129,129,129,129,129,129,129,129,273,223,223,237,270,221,221,340,340,198,339,250,216,262,336,214,181,182,183,211,184,177,178,180,181,206,188,186,187,247,247,247,319,158,155,152,149,146,143,140,137,134,131,127,123,172,118,185,113,146,108,105,102,99,96,93,90,87,84,81,78,75,72,69,66,125,122,119,116,113,110,107,104,101,159,96,120,91,88,84,80,76,73,70,67,64,61,58,55,52,49,46,43,40,37,34,183
875,881,874,884,879,888,871,891,880,892,874,894,882,896,864,897,883,899,871,901,882,901,863,902,882,903,869,903,882,904,849,905,881,904,866,905,881,906,852,905,881,905,861,905,879,904,840,904,878,904,857,903,877,903,842,903,875,902,853,902,874,902,818,901,739,900,848,737,870,897,735,896,869,733,844,893,731,892,813,730,865,889,728,888,863,727,818,885,725,884,834,723,858,881,721,880,856,719,829,877,717,876,806,715,851,873,713,872,849,712,787,869,711,868,818,709,844,865,708,864,842,706,813,861,704,860,755,610,858,858,608,857,857,606,781,855,604,854,801,602,852,852,600,851,851,598,796,849,596,848,769,678,678,845,654,844,676,676,734,841,585,840,840,671,671,838,645,837,668,668,668,668,478,667,667,572,666,571,571,664,664,569,663,568,568,661,661,473,660,660,563,659,567,567,657,566,566,655,565,565,653,564,564,651,563,563,649,562,562,647,561,422,645,559,606,643,420,642,642,554,602,418,552,638,781,550,416,779,548,778,778,414,593,776,466,775,412,464,624,772,462,771,411,460,619,768,409,767,767,767,614,407,765,765,259,257,255,259,256,256,257,257,257,257,257,257,257,257,257,257,257,257,257,257,257,257,257,257,257,257,257,257,257,257,257,257,257,257,257,257,257,257,257,257,257,257,257,257,257,257,257,257,257,257,257,257,525,256,256,256,256,256,256,256,256,256,256,256,256,458,458,408,424,456,541,455,455,455,408,537,453,453,453,453,453,453,453,453,453,453,453,453,453,453,453,453,358,359,360,361,362,363,364,365,367,368,369,348,349,350,351,352,353,354,355,654,356,357,358,651,497,384,385,495,495,495,351,644,644,492,492,353,372,373,315,312,309,306,303,300,297,294,291,288,285,282,279,276,273,270,267,264,261,258,354,252,322,247,243,464,237,319,232,318,227,384,222,315,217,314,212,209,206,203,200,197,194,191,188,185,182,179,176,173,170,167,164,161,158,155,152,149,146,143,140,137,134,131,128,351,270,247,244,241,238,235,232,229,226,223,220,217,214,211,208,205,202,199,196,193,265,188,184,328,178,327,173,169,165,161,157,153,149,146,143,140,137,134,131,128,125,122,119,116,113,110,107,104,101,98,95,92,89,86,83,80,77,74,71,68,65,363
1751,1758,1750,1763,1756,1767,1747,1770,1759,1774,1751,1776,1761,1779,1740,1782,1762,1784,1750,1785,1764,1787,1740,1789,1764,1790,1748,1792,1765,1794,1725,1795,1766,1797,1745,1797,1766,1798,1731,1799,1765,1799,1743,1800,1765,1801,1717,1801,1765,1802,1739,1803,1764,1803,1721,1804,1764,1805,1736,1805,1764,1806,1694,1807,1763,1807,1733,1806,1763,1807,1710,1807,1761,1806,1729,1806,1760,1806,1692,1805,1759,1805,1724,1805,1757,1804,1700,1804,1756,1804,1720,1803,1755,1803,1670,1803,1753,1802,1716,1802,1752,1802,1688,1801,1751,1801,1711,1801,1749,1800,1666,1800,1748,1800,1707,1799,1747,1799,1677,1799,1745,1798,1703,1798,1744,1798,1631,1797,1743,1471,1698,1794,1470,1793,1666,1469,1738,1790,1468,1789,1737,1467,1639,1786,1466,1785,1688,1465,1732,1782,1464,1781,1730,1462,1683,1778,1461,1777,1613,1459,1725,1774,1458,1773,1723,1456,1641,1770,1455,1769,1672,1453,1718,1766,1451,1765,1716,1449,1667,1762,1447,1761,1629,1445,1711,1758,1443,1757,1709,1441,1575,1754,1439,1753,1656,1437,1704,1750,1435,1749,1702,1433,1651,1746,1431,1745,1585,1429,1697,1742,1427,1741,1695,1425,1604,1738,1424,1737,1640,1423,1690,1734,1422,1733,1688,1420,1635,1730,1418,1729,1592,1417,1683,1726,1416,1725,1681,1415,1558,1722,1413,1721,1624,1411,1676,1718,1409,1717,1674,1407,1619,1714,1405,1713,1504,1403,1711,1402,1402,1709,1341,1400,1567,1399,1399,1704,1337,1397,1702,1396,1396,1700,1333,1394,1601,1393,1393,1695,1329,1391,1693,1390,1390,1691,1325,1388,1496,1387,1387,1686,1321,1385,1684,1384,1384,1682,1317,1681,1381,1381,1679,1679,1215,1678,1678,1376,1376,1676,1308,1675,1373,1373,1673,1673,1204,1672,1672,1368,1368,1670,1299,1669,1365,1365,1667,1667,1193,1666,1666,1360,1360,1664,1290,1663,1357,1357,1661,1661,1182,1660,1354,1180,1180,1352,1179,1351,1178,1178,1349,1349,955,1348,1348,1173,1347,1347,953,1346,1346,1168,1345,1345,951,1344,1344,1165,1343,1343,949,1342,1342,1160,1341,1160,1160,1339,1159,1159,1337,1158,1159,1335,1159,1159,1333,1158,1158,1331,1157,1157,1329,1156,1156,1327,1155,1155,1325,1154,1154,1323,1153,1153,1321,1152,1152,1319,1151,1151,1317,1150,1150,1315,1149,1149,1313,1148,1148,1311,1147,1147,1309,1146,842,1307,1144,1306,1306,840,1211,1304,1139,1303,838,1137,1207,1300,1135,836,1298,1133,1203,1296,834,1296,1556,1128,1128,832,1127,1552,1552,1125,830,1550,988,1549,1549,828,1189,1547,1117,1546,826,1115,1185,1543,930,824,1541,928,1181,1539,822,1538,1538,923,1262,820,1101,1534,1534,962,818,1532,960,1531,1531,816,957,1529,1529,1529,1529,814,1246,1527,1527,1527,1527,812,1241,1525,1525,1525,1525,810,1236,1523,1523,1523,515,513,511,515,512,512,513,513,513,513,513,513,513,513,513,513,513,513,513,513,513,513,513,513,513,513,513,513,513,513,513,513,513,513,513,513,513,513,513,513,513,513,513,513,513,513,513,513,513,513,513,513,513,513,513,513,513,513,513,513,513,513,513,513,513,513,513,513,513,513,513,513,513,513,513,513,513,513,513,513,513,513,513,513,513,513,513,513,513,513,513,513,513,513,513,513,513,513,513,513,513,513,513,513,513,513,513,513,513,513,513,513,513,513,513,513,513,513,513,513,513,513,513,513,513,513,513,513,513,941,941,1102,940,940,1100,939,939,1098,938,938,1096,937,1095,936,861,858,855,933,841,939,833,826,827,846,843,840,925,925,1365,1365,833,1364,1021,828,1362,1362,1362,1362,915,1361,760,720,722,723,724,725,726,727,728,729,730,731,732,733,734,735,736,737,738,747,748,749,750,751,752,753,754,755,756,757,758,759,760,881,760,880,768,879,682,683,808,684,685,686,687,688,689,690,691,692,693,694,695,696,697,698,699,700,737,1302,1302,1302,753,1301,788,1300,701,702,703,704,705,706,707,708,709,710,711,712,713,682,778,725,778,985,1282,984,717,709,626,623,620,617,614,611,608,605,602,599,596,593,590,587,584,581,578,575,572,569,566,563,560,557,554,551,548,545,542,539,536,533,530,527,524,521,518,515,512,722,506,668,500,667,494,784,488,664,483,663,478,662,473,661,468,662,463,663,458,663,453,662,448,661,443,661,438,661,433,660,428,659,423,420,417,414,411,408,405,402,399,396,393,390,387,384,381,378,375,372,369,366,363,360,357,354,351,348,345,342,339,336,333,330,327,324,321,318,315,312,309,306,303,300,297,294,291,288,285,282,279,276,273,270,267,264,261,258,604,605,610,607,604,613,610,607,534,694,567,488,485,482,479,476,473,470,467,464,461,458,455,452,449,446,443,440,437,434,431,428,425,422,419,416,413,410,407,404,401,398,395,392,389,386,383,380,377,374,570,369,455,363,489,357,447,351,347,343,339,335,331,327,323,319,315,311,307,303,299,295,292,289,286,283,280,277,274,271,268,265,262,259,256,253,250,247,244,241,238,235,232,229,226,223,220,217,214,211,208,205,202,199,196,193,190,187,184,181,178,175,172,169,166,163,160,157,154,151,148,145,142,139,136,133,130,727
3525,3533,3524,3539,3531,3545,3521,3549,3535,3554,3526,3557,3539,3561,3514,3565,3541,3568,3526,3570,3544,3574,3515,3577,3545,3579,3526,3582,3547,3585,3499,3587,3549,3590,3524,3591,3550,3594,3507,3597,3550,3598,3523,3600,3552,3602,3492,3603,3553,3605,3520,3607,3553,3608,3499,3610,3554,3612,3518,3613,3555,3615,3468,3617,3555,3618,3516,3618,3556,3620,3489,3621,3555,3621,3513,3623,3556,3625,3468,3625,3557,3627,3509,3629,3556,3629,3480,3630,3556,3631,3507,3631,3556,3632,3445,3633,3555,3633,3504,3634,3555,3635,3469,3635,3555,3636,3500,3637,3554,3637,3444,3638,3554,3639,3497,3639,3554,3640,3459,3641,3553,3641,3494,3642,3553,3643,3405,3643,3553,3644,3490,3643,3552,3643,3449,3644,3550,3643,3487,3643,3550,3644,3418,3643,3549,3643,3482,3644,3547,3643,3438,3644,3547,3644,3479,3643,3547,3643,3389,3643,3545,3642,3476,3642,3545,3642,3426,3641,3545,3641,3471,3641,3543,3640,3393,3640,3542,3640,3467,3639,3541,3639,3416,3639,3539,3638,3463,3638,3538,3638,3350,3637,3537,3637,3458,3637,3535,3636,3405,3636,3534,3636,3454,3635,3533,3635,3366,3635,3531,3634,3450,3634,3530,3634,3393,3633,3529,3633,3445,3633,3527,3632,3333,3632,3526,3632,3441,3631,3525,3631,3382,3631,3523,3630,3437,3629,3522,3628,3340,3627,3521,3626,3432,3625,3519,3624,3371,3623,3518,3622,3428,3621,3517,3620,3278,3619,3515,2963,3424,3616,2962,3615,3359,2961,3511,3612,2960,3611,3509,2959,3314,3608,2958,3607,3413,2957,3505,3604,2956,3603,3503,2955,3409,3600,2954,3599,3275,2953,3499,3596,2952,3595,3497,2951,3335,3592,2950,3591,3398,2949,3493,3588,2948,3587,3492,2947,3394,3584,2946,3583,3324,2945,3487,3580,2944,3579,3485,2943,3230,3576,2942,3575,3384,2941,3480,3572,2940,3571,3478,2939,3380,3568,2938,3567,3259,2937,3473,3564,2936,3563,3471,2935,3300,3560,2933,3559,3370,2931,3466,3556,2929,3555,3464,2927,3365,3552,2925,3551,3288,2923,3459,3548,2921,3547,3457,2919,3233,3544,2917,3543,3354,2915,3452,3540,2913,3539,3450,2911,3349,3536,2909,3535,3159,2907,3445,3532,2905,3531,3443,2903,3263,3528,2901,3527,3338,2899,3438,3524,2897,3523,3436,2895,3333,3520,2893,3519,3251,2891,3431,3516,2889,3515,3429,2887,3159,3512,2885,3511,3322,2883,3424,3508,2882,3507,3422,2881,3317,3504,2880,3503,3178,2878,3417,3500,2877,3499,3415,2876,3226,3496,2875,3495,3306,2874,3410,3492,2872,3491,3408,2870,3301,3488,2869,3487,3214,2868,3403,3484,2867,3483,3401,2865,3151,3480,2864,3479,3290,2863,3477,3477,2861,3476,3476,2860,3285,3474,2858,3473,3101,2856,3471,3471,2854,3470,3470,2852,3189,3468,2850,3467,3274,2848,3465,3465,2846,3464,3464,2844,3269,3462,2842,3461,3177,2840,3459,3459,2838,3458,3458,2836,3023,3456,2834,2834,3258,2833,2705,3451,2831,2831,3449,2830,2701,3447,2828,2828,3096,2827,2697,3442,2825,2825,3440,2824,2693,3438,2822,2822,3240,2821,2689,3433,2819,2819,3431,2818,2685,3429,2816,2816,3138,2815,2681,3424,2813,2813,3422,2812,2677,3420,2810,2810,3222,2809,2673,3415,2807,2807,3413,2806,2669,2953,2804,2804,2988,2803,2665,3405,2801,2801,3403,2800,2661,3401,2798,2798,3204,2797,2657,3396,3040,2441,3394,3394,2653,2790,3392,2789,3099,2788,2649,3388,3192,2430,3386,3386,2645,2781,3384,2780,3383,2779,2641,3381,3087,2419,3379,3379,2637,2772,3377,2771,3013,2770,2633,3373,3373,2408,3372,3372,2629,2763,3370,2762,3369,2761,2625,3367,2911,2397,3365,3365,2621,2754,3363,2753,3061,2752,2617,3359,3359,2386,3358,3358,2613,2746,3356,2745,3355,2744,2609,3353,3049,2375,3351,3351,2605,2737,3349,2736,2924,2735,2601,3345,3345,2365,3344,3344,2597,2728,3342,2727,2727,2358,2358,2725,2725,1913,2724,2724,2353,2723,2723,1911,2722,2722,2348,2721,2721,1909,2720,2720,2343,2719,2719,1907,2718,2718,2338,2717,2717,1905,2716,2716,2334,2715,2715,1903,2714,2714,2329,2713,2713,1901,2712,2712,2324,2711,2711,1899,2710,2710,2319,2709,2709,1897,2708,2708,2314,2707,2707,1895,2706,2706,2309,2705,2308,2308,2703,2307,2307,2701,2306,2306,2699,2306,2306,2697,2305,2305,2695,2305,2305,2693,2304,2304,2691,2303,2303,2689,2302,2302,2687,2301,2301,2685,2300,2300,2683,2299,2299,2681,2298,2298,2679,2297,2297,2677,2296,2296,2675,2295,2295,2673,2294,2294,2671,2293,2293,2669,2292,2292,2667,2291,2291,2665,2290,2290,2663,2291,2291,2661,2290,2290,2659,2289,2289,2657,2288,2288,2655,2287,2287,2653,2286,2286,2651,2285,2285,2649,2284,2284,2647,2283,2283,2645,2282,2282,2643,2281,2463,2641,2279,1683,2639,2277,2459,2637,1681,2636,2636,2272,2455,1679,2270,2632,2632,2268,1677,2630,2266,2629,2629,1675,2446,2627,2261,2626,1673,2259,2442,2623,2257,1671,2621,2255,2438,2619,1669,2618,2618,2250,2434,1667,2248,3138,3138,2246,1665,3136,2244,3135,3135,1663,2241,3133,2240,3132,1661,2238,2420,3129,2008,1659,3127,2234,2416,3125,1657,3124,3124,2229,2412,1655,2227,3120,3120,2225,1653,3118,2223,3117,3117,1651,2403,3115,2218,3114,1649,2216,2399,3111,2214,1647,3109,2212,2396,3107,1645,3106,3106,2207,2557,1643,2205,3102,3102,2203,1641,3100,2201,3099,2200,1639,2546,3096,2197,3095,1637,2195,2541,3092,2193,1635,3090,2191,2536,3088,2189,1633,3086,1940,2531,3084,1938,1631,3082,1936,2526,3080,3080,1629,3079,3079,2521,3078,3078,1627,3077,3077,2516,3076,3076,1625,3075,3075,2511,3074,3074,1623,3073,3073,2506,1911,1913,1621,3069,3069,2501,3068,3068,1619,3067,3067,2496,3066,3066,1617,3065,3065,2491,3064,1027,1025,1023,1027,1024,1024,1025,1025,1025,1025,1025,1025,1025,1025,1025,1025,1025,1025,1025,1025,1025,1025,1025,1025,1025,1025,1025,1025,1025,1025,1025,1025,1025,1025,1025,1025,1025,1025,1025,1025,1025,1025,1025,1025,1025,1025,1025,1025,1025,1025,1025,1025,1025,1025,1025,1025,1025,1025,1025,1025,1025,1025,1025,1025,1025,1025,1025,1025,1025,1025,1025,1025,1025,1025,1025,1025,1025,1025,1025,1025,1025,1025,1025,1025,1025,1025,1025,1025,1025,1025,1025,1025,1025,1025,1025,1025,1025,1025,1025,1025,1025,1025,1025,1025,1025,1025,1025,1025,1025,1025,1025,1025,1025,1025,1025,1025,1025,1025,1025,1025,1025,1025,1025,1025,1025,1025,1025,1025,1025,1025,1025,1025,1025,1025,1025,1025,1025,1025,1025,1025,1025,1025,1025,1025,1025,1025,1025,1025,1025,1025,1025,1025,1025,1025,1025,1025,1025,1025,1025,1025,1025,1025,1025,1025,1025,1025,1025,1025,1025,1025,1025,1025,1025,1025,1025,1025,1025,1025,1025,1025,1025,1025,1025,1025,1025,1025,1025,1025,1025,1025,1025,1025,1025,1025,1025,1025,1025,1025,1025,1025,1025,1025,1025,1025,1025,1025,1025,1025,1025,1025,1025,1025,1025,1025,1025,1025,1025,1025,1025,1025,1025,1025,1025,1025,1025,1025,1025,1025,1025,1025,1025,1025,1025,1025,1025,1025,1025,1025,1025,1025,1025,1025,1025,1025,1025,1025,1025,1025,1025,1025,1025,1025,1025,1025,1025,1025,1025,1667,1668,2231,1876,1876,2229,1875,1875,2227,1874,1874,2225,1873,1873,2223,1872,1872,2104,1871,1871,2218,1870,2217,1663,1868,1722,2214,1866,2213,1716,2212,1863,2775,1862,1709,1861,1898,1600,1702,1858,1858,1858,1858,1695,1857,1857,1690,1681,1678,1711,1580,1641,1644,1670,1849,1849,1849,1849,1673,1848,1848,1848,1658,1654,1452,1454,1455,1456,1457,1458,1459,1460,1461,1462,1463,1464,1465,1466,1467,1468,1469,1470,1471,1472,1473,1474,1475,1476,1477,1478,1479,1480,1481,1483,1484,1485,1487,1488,1489,1490,1491,1492,1493,1494,1495,1496,1497,1498,1499,1500,1501,1502,1503,1504,1505,1506,1507,1522,1523,1524,1525,1526,1527,1528,1529,1531,1532,1534,1535,1537,1780,1780,1780,1537,1779,1779,1779,1779,1779,1629,1778,1778,1778,1778,1778,1483,1777,1777,1672,1776,1776,1776,1776,1538,1775,1775,1775,1514,1515,1517,1518,1519,1520,1522,1531,2643,1460,2642,2642,1519,1534,1344,1345,1759,1346,1347,1348,1349,1350,1351,1352,1353,1354,1355,1356,1357,1358,1359,1360,1361,1362,1363,1364,1365,1366,1367,1368,1369,1370,1371,1372,1373,2609,1374,1375,1376,2606,1377,1378,1379,1380,1381,1382,1383,1384,1385,1386,1387,1388,1389,1390,1391,1392,1393,1394,1395,1396,1397,1484,1552,2583,2583,1478,2010,1438,1439,2579,1440,1441,1442,1443,1545,1398,1399,1400,1401,1402,1403,1404,1405,1444,1406,1407,1450,1408,1409,1433,1255,1252,1249,1246,1243,1240,1237,1234,1231,1228,1225,1222,1219,1216,1213,1210,1207,1204,1201,1198,1195,1192,1189,1186,1183,1180,1177,1174,1171,1168,1165,1162,1159,1156,1153,1150,1147,1144,1141,1138,1135,1132,1129,1126,1123,1120,1117,1114,1111,1108,1105,1102,1099,1096,1093,1090,1087,1084,1081,1078,1075,1072,1069,1066,1063,1060,1057,1054,1051,1048,1045,1042,1039,1036,1033,1030,1027,1024,1598,1018,1482,1012,1358,1006,1357,1000,1356,994,1355,988,1354,982,1353,976,1354,970,1353,964,1352,959,1351,954,1331,949,1332,944,1346,939,1346,934,1346,929,1345,924,1344,919,1343,914,1343,909,1342,904,1342,899,1303,894,1304,889,1280,884,1281,879,1333,874,1333,869,1267,864,1280,859,1328,854,1330,849,1254,844,841,838,835,832,829,826,823,820,817,814,811,808,805,802,799,796,793,790,787,784,781,778,775,772,769,766,763,760,757,754,751,748,745,742,739,736,733,730,727,724,721,718,715,712,709,706,703,700,697,694,691,688,685,682,679,676,673,670,667,664,661,658,655,652,649,646,643,640,637,634,631,628,625,622,619,616,613,610,607,604,601,598,595,592,589,586,583,580,577,574,571,568,565,562,559,556,553,550,547,544,541,538,535,532,529,526,523,520,517,514,1112,1421,1421,1214,1420,1420,1213,1213,1338,1212,1212,1213,1414,1215,1212,1214,1046,1197,1213,1095,1213,1406,978,975,972,969,966,963,960,957,954,951,948,945,942,939,936,933,930,927,924,921,918,915,912,909,906,903,900,897,894,891,888,885,882,879,876,873,870,867,864,861,858,855,852,849,846,843,840,837,834,831,828,825,822,819,816,813,810,807,804,801,798,795,792,789,786,783,780,777,774,771,768,765,762,759,756,753,750,747,1135,742,903,736,1132,730,895,724,1129,718,1128,712,1004,706,1125,700,953,694,1005,688,684,680,676,672,668,664,660,656,652,648,644,640,636,632,628,624,620,616,612,608,604,600,596,592,588,585,582,579,576,573,570,567,564,561,558,555,552,549,546,543,540,537,534,531,528,525,522,519,516,513,510,507,504,501,498,495,492,489,486,483,480,477,474,471,468,465,462,459,456,453,450,447,444,441,438,435,432,429,426,423,420,417,414,411,408,405,402,399,396,393,390,387,384,381,378,375,372,369,366,363,360,357,354,351,348,345,342,339,336,333,330,327,324,321,318,315,312,309,306,303,300,297,294,291,288,285,282,279,276,273,270,267,264,261,258,1476
7021,7030,7020,7037,7028,7043,7017,7048,7033,7054,7023,7058,7037,7063,7010,7068,7040,7072,7024,7075,7044,7079,7012,7083,7046,7086,7024,7090,7049,7095,6995,7098,7052,7102,7023,7104,7054,7107,7005,7110,7055,7112,7023,7115,7057,7118,6989,7120,7059,7123,7021,7126,7060,7128,6997,7131,7062,7134,7020,7136,7065,7140,6964,7143,7066,7145,7019,7146,7068,7149,6988,7151,7068,7152,7017,7154,7069,7156,6966,7157,7070,7159,7014,7161,7070,7162,6980,7164,7071,7166,7012,7167,7072,7169,6942,7171,7072,7172,7010,7174,7073,7176,6970,7177,7074,7179,7007,7181,7074,7182,6942,7184,7075,7186,7005,7187,7076,7189,6961,7191,7076,7192,7004,7194,7078,7196,6901,7197,7079,7199,7001,7199,7079,7200,6952,7202,7078,7202,6999,7203,7079,7205,6917,7205,7079,7206,6995,7207,7078,7207,6942,7208,7078,7209,6992,7209,7078,7210,6887,7211,7077,7211,6989,7212,7077,7213,6931,7213,7077,7214,6985,7215,7076,7215,6893,7216,7076,7217,6982,7217,7076,7218,6921,7219,7075,7219,6979,7220,7075,7221,6847,7221,7075,7222,6975,7223,7074,7223,6911,7224,7074,7225,6972,7225,7074,7226,6867,7227,7073,7227,6969,7228,7073,7229,6900,7229,7073,7230,6965,7231,7072,7231,6831,7232,7072,7233,6962,7233,7072,7234,6890,7235,7071,7235,6959,7236,7071,7237,6842,7237,7071,7238,6955,7239,7070,7239,6881,7240,7070,7241,6953,7241,7070,7242,6774,7243,7069,7243,6950,7242,7069,7243,6870,7243,7067,7242,6946,7243,7066,7243,6817,7242,7066,7243,6941,7243,7064,7242,6860,7243,7063,7243,6938,7242,7063,7243,6774,7243,7061,7242,6934,7243,7060,7243,6848,7242,7059,7242,6929,7242,7057,7241,6791,7241,7056,7241,6925,7240,7055,7240,6837,7240,7053,7239,6921,7239,7052,7239,6728,7238,7051,7238,6916,7238,7049,7237,6826,7237,7048,7237,6912,7236,7047,7236,6764,7236,7045,7235,6908,7235,7044,7235,6814,7234,7043,7234,6903,7234,7041,7233,6718,7233,7040,7233,6899,7232,7039,7232,6803,7232,7037,7231,6895,7231,7036,7231,6738,7230,7035,7230,6890,7230,7033,7229,6792,7229,7032,7229,6886,7228,7031,7228,6656,7228,7029,7227,6882,7227,7028,7227,6780,7226,7027,7226,6877,7226,7025,7225,6712,7225,7024,7225,6873,7224,7023,7224,6769,7224,7021,7223,6869,7223,7020,7223,6660,7222,7019,7222,6864,7222,7017,7221,6758,7221,7016,7221,6860,7220,7015,7220,6685,7220,7013,7219,6856,7219,7012,7219,6746,7218,7011,7218,6851,7218,7009,7217,6608,7217,7008,7217,6847,7216,7007,7216,6735,7216,7005,7215,6843,7215,7004,7215,6659,7214,7003,7214,6838,7214,7001,7213,6724,7213,7000,7213,6834,7212,6999,7212,6603,7212,6997,7211,6830,7211,6996,7211,6712,7210,6995,7210,6825,7210,6993,7209,6634,7208,6992,7207,6821,7206,6991,7205,6702,7204,6989,7203,6817,7202,6988,7201,6519,7200,6987,5889,6812,7197,5888,7196,6691,5887,6982,7193,5886,7192,6981,5885,6607,7189,5884,7188,6802,5883,6976,7185,5882,7184,6975,5881,6797,7181,5880,7180,6546,5879,6970,7177,5878,7176,6969,5877,6666,7173,5876,7172,6787,5875,6964,7169,5874,7168,6963,5873,6782,7165,5872,7164,6655,5871,6958,7161,5870,7160,6957,5869,6487,7157,5868,7156,6772,5867,6952,7153,5866,7152,6951,5865,6767,7149,5864,7148,6553,5862,6946,7145,5861,7144,6944,5859,6630,7141,5858,7140,6756,5856,6939,7137,5855,7136,6937,5853,6751,7133,5852,7132,6618,5850,6932,7129,5849,7128,6930,5847,6526,7125,5846,7124,6740,5844,6925,7121,5843,7120,6923,5841,6735,7117,5840,7116,6409,5838,6918,7113,5837,7112,6916,5835,6593,7109,5834,7108,6724,5832,6911,7105,5832,7104,6909,5830,6719,7101,5829,7100,6581,5827,6904,7097,5827,7096,6902,5825,6429,7093,5824,7092,6708,5822,6897,7089,5821,7088,6895,5819,6703,7085,5817,7084,6471,5815,6890,7081,5813,7080,6888,5811,6556,7077,5809,7076,6692,5807,6883,7073,5805,7072,6881,5803,6687,7069,5801,7068,6544,5799,6876,7065,5797,7064,6874,5795,6444,7061,5793,7060,6676,5791,6869,7057,5789,7056,6867,5787,6671,7053,5785,7052,6371,5783,6862,7049,5781,7048,6860,5779,6519,7045,5777,7044,6660,5775,6855,7041,5773,7040,6853,5771,6655,7037,5769,7036,6507,5767,6848,7033,5765,7032,6846,5763,6273,7029,5761,7028,6644,5759,6841,7025,5757,7024,6839,5755,6639,7021,5753,7020,6389,5751,6834,7017,5749,7016,6832,5747,6482,7013,5745,7012,6628,5743,6827,7009,5741,7008,6825,5739,6623,7005,5737,7004,6470,5735,6820,7001,5733,7000,6818,5731,6362,6997,5729,6996,6612,5727,6813,6993,5725,6992,6811,5723,6607,6989,5721,6988,6245,5719,6806,6985,5717,6984,6804,5715,6445,6981,5713,6980,6596,5711,6799,6977,5710,6976,6797,5709,6591,6973,5708,6972,6433,5707,6792,6969,5705,6968,6790,5704,6254,6965,5703,6964,6580,5702,6785,6961,5701,6960,6783,5699,6575,6957,5698,6956,6307,5697,6778,6953,5696,6952,6776,5695,6408,6949,5693,6948,6564,5692,6771,6945,5691,6944,6769,5690,6559,6941,5689,6940,6396,5687,6764,6937,5686,6936,6762,5685,6280,6933,5684,6932,6548,5683,6757,6929,5681,6928,6755,5680,6543,6925,5679,6924,6196,5678,6750,6921,5677,6920,6748,5675,6371,6917,5674,6916,6532,5673,6743,6913,5672,6912,6741,5671,6527,6909,5669,6908,6359,5667,6736,6905,5665,6904,6734,5663,6124,6901,5661,6900,6516,5659,6729,6897,5657,6896,6727,5655,6511,6893,5653,6892,6225,5651,6722,6889,5649,6888,6720,5647,6334,6885,5645,6884,6500,5643,6882,6882,5641,6881,6881,5639,6495,6879,5637,6878,6322,5635,6876,6876,5633,6875,6875,5631,6199,6873,5629,6872,6484,5627,6870,6870,5625,6869,6869,5623,6479,6867,5621,6866,6008,5619,6864,5618,5618,6862,5375,5616,6297,5615,5615,6857,5371,5613,6855,5612,5612,6853,5367,5610,6461,5609,5609,6848,5363,5607,6846,5606,5606,6844,5359,5604,6080,5603,5603,6839,5355,5601,6837,5600,5600,6835,5351,5598,6443,5597,5597,6830,5347,5595,6828,5594,5594,6826,5343,5592,6258,5591,5591,6821,5339,5589,6819,5588,5588,6817,5335,5586,6425,5585,5585,6812,5331,5583,6810,5582,5582,6808,5327,5580,6115,5579,5579,6803,5323,5577,6801,5576,5576,6799,5319,5574,6407,5573,5573,6794,5315,5571,6792,5570,5570,6790,5311,5568,6219,5567,5567,6785,5307,5565,6783,5564,5564,6781,5303,5562,6389,5561,5561,6776,5299,5559,6774,5558,5558,6772,5295,5556,5912,5555,5555,6767,5291,5553,6765,5552,5552,6763,5287,5550,6371,5549,5549,6758,5283,5547,6756,5546,5546,5849,5279,6752,5543,5543,6750,6750,4843,6749,6749,5538,5538,6747,5270,6746,5535,5535,6744,6744,4832,6743,6743,5530,5530,6741,5261,6740,5527,5527,6738,6738,4821,6737,6737,5522,5522,6735,5252,6734,5519,5519,6732,6732,4810,6731,6731,5514,5514,6729,5243,6728,5511,5511,6726,6726,4799,6725,6725,5506,5506,6723,5234,6722,5503,5503,6720,6720,4788,6719,6719,5498,5498,6717,5225,6716,5495,5495,6714,6714,4777,6713,6713,5490,5490,6711,5216,6710,5487,5487,6708,6708,4766,6707,6707,5482,5482,6705,5207,6704,5479,5479,6702,6702,4755,6701,6701,5474,5474,6699,5198,6698,5471,5472,6696,6696,4744,6695,6695,5467,5467,6693,5189,6692,5464,5465,6690,6690,4733,6689,6689,5460,5460,6687,5180,6686,5458,5459,6684,6684,4723,6683,6683,5455,5456,6681,5172,6680,5453,5454,6678,6678,4712,6677,6677,5450,5450,6675,5163,6674,5448,5449,6672,6672,4701,6671,6671,5445,5445,6669,5155,6668,5443,5443,6666,6666,4691,6665,6665,5438,5438,6663,5146,6662,5435,5435,6660,6660,4680,6659,6659,5430,5430,6657,4675,4675,5427,4674,5426,5426,4672,4672,5424,4671,5423,4670,4670,5421,5421,3824,5420,5420,4665,5419,5419,3822,5418,5418,4660,5417,5417,3820,5416,5416,4655,5415,4654,4654,5413,5413,4652,5412,4651,4651,5410,5410,3815,5409,5409,4646,5408,5408,3813,5407,5407,4641,5406,5406,3811,5405,5405,4636,5404,5404,3809,5403,5403,4632,5402,5402,3807,5401,5401,4628,5400,5400,3805,5399,5399,4624,5398,5398,3803,5397,5397,4620,5396,5396,3801,5395,5395,4616,5394,5394,3799,5393,5393,4612,5392,5392,3797,5391,5391,4607,5390,5390,3795,5389,5389,4602,5388,5388,3793,5387,5387,4597,5386,5386,3791,5385,5385,4592,5384,5384,3789,5383,5383,4587,5382,4586,4586,5380,4585,4585,5378,4584,4584,5376,4583,4583,5374,4582,4582,5372,4581,4581,5370,4580,4580,5368,4579,4579,5366,4578,4578,5364,4577,4577,5362,4576,4576,5360,4575,4575,5358,4574,4574,5356,4573,4573,5354,4572,4572,5352,4571,4571,5350,4570,4570,5348,4569,4569,5346,4568,4568,5344,4567,4567,5342,4566,4566,5340,4565,4565,5338,4564,4564,5336,4563,4563,5334,4562,4562,5332,4561,4561,5330,4560,4560,5328,4559,4559,5326,4558,4558,5324,4557,4557,5322,4556,4556,5320,4555,4555,5318,4554,4554,5316,4553,4553,5314,4552,4552,5312,4551,4551,5310,4550,4550,5308,4549,4549,5306,4548,4548,5305,4547,4547,5301,4546,4546,5300,4545,4545,5298,4544,4544,5296,4543,4543,5294,4542,4542,5292,4541,4541,5290,4540,4540,5288,4541,4541,5286,4540,4540,5284,4539,4539,5282,4538,4538,5280,4537,4537,5278,4536,4536,5276,4535,4535,5274,4534,4534,5272,4533,4533,5270,4532,4532,5268,4531,4531,5266,4530,4530,5264,4529,4529,5262,4528,4528,5260,4527,4527,5258,4526,4526,5256,4525,4525,5254,4524,3366,5252,4522,5251,5251,3364,4867,5249,4517,5248,3362,4515,4863,5245,4513,3360,5243,4511,4859,5241,3358,5240,5240,4506,4855,3356,4504,5236,5236,4502,3354,5234,4500,5233,5233,3352,4846,5231,4495,5230,3350,4493,4842,5227,4491,3348,5225,4489,4838,5223,3346,5222,5222,4484,4834,3344,4482,5218,5218,4480,3342,5216,4478,5215,5215,3340,4825,5213,4473,5212,3338,4471,4821,5209,4469,3336,5207,4467,4817,5205,3334,5204,5204,4462,4813,3332,4460,5200,5200,4458,3330,6248,4456,6247,6247,3328,4804,6245,4451,6244,3326,4449,4800,6241,4447,3324,6239,4445,4796,6237,3322,6236,6236,4131,4792,3320,4437,6232,6232,4436,3318,6230,4435,6229,6229,3316,4783,6227,4431,6226,3314,4429,4779,6223,4427,3312,6221,4425,4775,6219,3310,6218,6218,4420,4771,3308,4418,6214,6214,4416,3306,6212,6212,6212,6212,3304,4762,6210,4408,6209,3302,4406,4758,6206,4404,3300,6204,4402,4754,6202,3298,6201,5269,4397,4750,3296,4395,6196,6196,4393,3294,6194,4391,6193,6193,3292,4741,6191,4386,6190,3290,4384,4737,6187,4382,3288,6185,4380,4733,6183,3286,6182,6182,4375,4729,3284,4373,6178,6178,4371,3282,6176,4369,6175,6175,3280,5073,6173,4364,6172,3278,4362,5068,6169,4360,3276,6167,4358,5063,6165,3274,6164,6164,4353,5058,3272,4351,6160,6160,4349,3271,6158,4347,6157,3269,4345,5047,6154,4343,3267,6152,4341,5042,6150,3265,6149,6149,4336,5037,6147,3263,6146,6146,4331,5032,6144,3261,6143,5250,4326,5027,6140,3260,6139,6139,6139,3258,6138,6138,6138,6138,3256,5016,6136,6136,6136,6136,3254,5011,6134,6134,6134,6134,3252,5006,6132,6132,6132,6132,3250,5001,6130,6130,6130,6130,3248,4996,6128,6128,6128,6128,3246,4991,6126,6126,6126,6126,3244,4986,6124,6124,6124,6124,3242,4981,6122,6122,6122,6122,3240,4976,6120,6120,6120,6120,3238,4971,6118,6118,6118,6118,3236,4966,6116,6116,6116,6116,3234,4961,6114,6114,6114,6114,3232,4956,6112,6112,6112,6112,3230,4951,6110,6110,6110,2051,2049,2047,2051,2048,2048,2049,2049,2049,2049,2049,2049,2049,2049,2049,2049,2049,2049,2049,2049,2049,2049,2049,2049,2049,2049,2049,2049,2049,2049,2049,2049,2049,2049,2049,2049,2049,2049,2049,2049,2049,2049,2049,2049,2049,2049,2049,2049,2049,2049,2049,2049,2049,2049,2049,2049,2049,2049,2049,2049,2049,2049,2049,2049,2049,2049,2049,2049,2049,2049,2049,2049,2049,2049,2049,2049,2049,2049,2049,2049,2049,2049,2049,2049,2049,2049,2049,2049,2049,2049,2049,2049,2049,2049,2049,2049,2049,2049,2049,2049,2049,2049,2049,2049,2049,2049,2049,2049,2049,2049,2049,2049,2049,2049,2049,2049,2049,2049,2049,2049,2049,2049,2049,2049,2049,2049,2049,2049,2049,2049,2049,2049,2049,2049,2049,2049,2049,2049,2049,2049,2049,2049,2049,2049,2049,2049,2049,2049,2049,2049,2049,2049,2049,2049,2049,2049,2049,2049,2049,2049,2049,2049,2049,2049,2049,2049,2049,2049,2049,2049,2049,2049,2049,2049,2049,2049,2049,2049,2049,2049,2049,2049,2049,2049,2049,2049,2049,2049,2049,2049,2049,2049,2049,2049,2049,2049,2049,2049,2049,2049,2049,2049,2049,2049,2049,2049,2049,2049,2049,2049,2049,2049,2049,2049,2049,2049,2049,2049,2049,2049,2049,2049,2049,2049,2049,2049,2049,2049,2049,2049,2049,2049,2049,2049,2049,2049,2049,2049,2049,2049,2049,2049,2049,2049,2049,2049,2049,2049,2049,2049,2049,2049,2049,2049,2049,2049,2049,2049,2049,2049,2049,2049,2049,2049,2049,2049,2049,2049,2049,2049,2049,2049,2049,2049,2049,2049,2049,2049,2049,2049,2049,2049,2049,2049,2049,2049,2049,2049,2049,2049,2049,2049,2049,2049,2049,2049,2049,2049,2049,2049,2049,2049,2049,2049,2049,2049,2049,2049,2049,2049,2049,2049,2049,2049,2049,2049,2049,2049,2049,2049,2049,2049,2049,2049,2049,2049,2049,2049,2049,2049,2049,2049,2049,2049,2049,2049,2049,2049,2049,2049,2049,2049,2049,2049,2049,2049,2049,2049,2049,2049,2049,2049,2049,2049,2049,2049,2049,2049,2049,2049,2049,2049,2049,2049,2049,2049,2049,2049,2049,2049,2049,2049,2049,2049,2049,2049,2049,2049,2049,2049,2049,2049,2049,2049,2049,2049,2049,2049,2049,2049,2049,2049,2049,2049,2049,2049,2049,2049,2049,2049,2049,2049,2049,2049,2049,2049,2049,2049,2049,2049,2049,2049,2049,2049,2049,2049,2049,2049,2049,2049,2049,2049,2049,2049,2049,2049,2049,2049,2049,2049,2049,2049,2049,2049,2049,2049,2049,2049,2049,2049,2049,2049,2049,2049,2049,2049,2049,2049,2049,2049,2049,2049,2049,2049,2049,2049,2049,2049,2049,2049,2049,2049,2049,2049,2049,2049,2049,2049,2049,2049,2049,2049,2049,2049,2049,2049,2049,2049,2049,2049,2049,2049,2049,2049,2049,2049,2049,2049,2049,2049,2049,2049,2049,2049,2049,2049,2049,2049,2049,2049,2049,2049,2049,2049,2049,2049,2049,2049,2049,2049,2049,2049,2049,3370,3367,3717,3368,4431,3715,3715,4188,3714,3714,4426,3713,3713,4424,3712,3348,3711,3711,3711,4419,3710,3710,4417,3709,3709,4415,3708,3708,4413,3343,3706,4169,3705,3705,4408,3704,3704,3704,3704,3434,4403,3702,3702,3702,4400,3701,4399,4157,3699,4397,3698,3875,3697,4394,3696,4151,3695,4151,3694,4389,3693,4388,3692,3692,3692,4385,3691,4384,3690,4141,3689,3689,3689,3689,3689,3689,3689,3689,4375,4134,5517,4134,5516,5516,5516,5516,5516,3680,5515,5515,5515,3360,5514,3337,5513,4123,3353,3327,5510,3834,5509,3346,5508,4117,5507,4117,5506,5506,5506,5506,5506,3366,5505,5505,5505,5505,5505,3328,5504,4106,2907,2909,2910,2911,2912,2913,2914,2915,2916,2917,2918,2919,2920,2921,2922,2923,2924,2925,2926,2927,2928,2929,2930,2931,2932,2933,2934,2935,2936,2937,2938,2939,2940,2941,2942,2943,2944,2945,2946,2947,2948,2949,2950,2951,2952,2953,2954,2955,2956,2957,2958,2959,2960,2961,2962,2963,2964,2965,2966,2968,2969,2970,2971,2972,2973,2974,2975,2976,2977,2978,2979,2980,2981,2982,2983,2984,2985,2986,2987,2988,2989,2990,2991,2992,2993,2994,2995,2996,2997,2998,2999,3000,3001,3002,3003,3004,3005,3006,3007,3008,3009,3010,3011,3012,3013,3014,3015,3016,3017,3018,3019,3020,3021,3022,3023,3024,3025,3026,3027,3028,3029,3030,3031,3032,3033,3034,3035,3036,3037,3038,3039,3517,3040,3041,3042,3043,3044,3045,3046,3047,3048,3049,3507,3050,3052,3053,3055,3056,3058,3059,3061,3062,3064,3065,3067,3068,3070,3071,3073,3094,3490,3490,3490,3490,3490,3214,3489,3489,3489,3489,3489,3083,3488,5330,3487,3487,3487,3204,3486,3312,3485,3485,3485,3072,3074,3483,3483,3483,3483,3194,3482,3482,3482,3482,3482,3064,3481,3481,3481,3481,3481,3184,3480,3480,3480,3480,3480,3053,3479,3479,3479,3479,3479,3174,3478,3478,3478,3478,3478,3042,5284,5284,5284,5284,5284,3164,2680,2681,5281,2682,2683,2684,2685,2686,2687,2688,2689,2690,2691,2692,2693,2694,2695,2696,2697,2698,2699,2700,2701,2702,2703,2704,2705,2706,2707,2708,2709,2710,2711,2712,2713,2714,2715,2716,2717,2718,2719,2720,2721,2722,2723,2724,2725,2726,2727,2728,2729,2730,2731,2732,2733,2734,2735,2736,2737,2738,2739,3021,2740,2741,2742,2743,2744,2745,2746,2747,2748,2749,2750,2751,2752,2753,2754,2755,2756,2757,2758,2759,2760,2761,2762,2763,2764,2765,2766,2767,2768,2769,2770,2771,2772,2773,2774,2775,2776,2777,2778,2779,2780,2781,2782,2783,2784,2785,2786,2787,2788,2789,2790,2791,2792,2793,2794,2795,2796,2797,2798,2799,2800,2801,2802,2803,2804,2805,2806,2807,2808,2809,2810,2812,2813,2814,2815,2816,2817,2818,2819,2820,2821,2823,2824,3961,2825,2826,3960,2827,2828,3958,2829,2830,3956,2831,2832,3954,2833,2834,3952,2835,2836,3950,2837,2838,2864,2510,2507,2504,2501,2498,2495,2492,2489,2486,2483,2480,2477,2474,2471,2468,2465,2462,2459,2456,2453,2450,2447,2444,2441,2438,2435,2432,2429,2426,2423,2420,2417,2414,2411,2408,2405,2402,2399,2396,2393,2390,2387,2384,2381,2378,2375,2372,2369,2366,2363,2360,2357,2354,2351,2348,2345,2342,2339,2336,2333,2330,2327,2324,2321,2318,2315,2312,2309,2306,2303,2300,2297,2294,2291,2288,2285,2282,2279,2276,2273,2270,2267,2264,2261,2258,2255,2252,2249,2246,2243,2240,2237,2234,2231,2228,2225,2222,2219,2216,2213,2210,2207,2204,2201,2198,2195,2192,2189,2186,2183,2180,2177,2174,2171,2168,2165,2162,2159,2156,2153,2150,2147,2144,2141,2138,2135,2132,2129,2126,2123,2120,2117,2114,2111,2108,2105,2102,2099,2096,2093,2090,2087,2084,2081,2078,2075,2072,2069,2066,2063,2060,2057,2054,2051,2048,4962,2042,2712,2036,2711,2030,2710,2024,2709,2018,2708,2012,2707,2006,2706,2000,2705,1994,2704,1988,2703,1982,2702,1976,2701,1970,2700,1964,2699,1959,1955,2911,1949,2695,1943,2694,1937,2693,1932,2692,1927,1923,4921,1918,2688,1913,2687,1908,2686,1903,2685,1898,2657,1893,2682,1888,2681,1883,2680,1878,2679,1873,2678,1868,2677,1863,2676,1858,2675,1853,2674,1848,2673,1843,2672,1838,2671,1833,2670,1828,2602,1823,2667,1818,2666,1813,2665,1808,2589,1803,2662,1798,2661,1793,2660,1788,2576,1783,2657,1778,2657,1773,2656,1768,2563,1763,2653,1758,2653,1753,2653,1748,2550,1743,2650,1738,2649,1733,2648,1728,2537,1723,2645,1718,2644,1713,2643,1708,2524,1703,2640,1698,2639,1693,2638,1688,2511,1683,1680,1677,1674,1671,1668,1665,1662,1659,1656,1653,1650,1647,1644,1641,1638,1635,1632,1629,1626,1623,1620,1617,1614,1611,1608,1605,1602,1599,1596,1593,1590,1587,1584,1581,1578,1575,1572,1569,1566,1563,1560,1557,1554,1551,1548,1545,1542,1539,1536,1533,1530,1527,1524,1521,1518,1515,1512,1509,1506,1503,1500,1497,1494,1491,1488,1485,1482,1479,1476,1473,1470,1467,1464,1461,1458,1455,1452,1449,1446,1443,1440,1437,1434,1431,1428,1425,1422,1419,1416,1413,1410,1407,1404,1401,1398,1395,1392,1389,1386,1383,1380,1377,1374,1371,1368,1365,1362,1359,1356,1353,1350,1347,1344,1341,1338,1335,1332,1329,1326,1323,1320,1317,1314,1311,1308,1305,1302,1299,1296,1293,1290,1287,1284,1281,1278,1275,1272,1269,1266,1263,1260,1257,1254,1251,1248,1245,1242,1239,1236,1233,1230,1227,1224,1221,1218,1215,1212,1209,1206,1203,1200,1197,1194,1191,1188,1185,1182,1179,1176,1173,1170,1167,1164,1161,1158,1155,1152,1149,1146,1143,1140,1137,1134,1131,1128,1125,1122,1119,1116,1113,1110,1107,1104,1101,1098,1095,1092,1089,1086,1083,1080,1077,1074,1071,1068,1065,1062,1059,1056,1053,1050,1047,1044,1041,1038,1035,1032,1029,1026,2327,2791,2414,2325,2789,2789,2789,2410,2410,2787,2787,2787,2274,2786,2638,2314,2784,2784,2312,2783,2634,2310,2397,2780,2308,2779,2630,2306,2777,2777,2777,2777,2089,2776,2776,2299,2385,2774,2297,2384,2772,2295,2383,2770,2221,2769,2769,1952,1949,1946,1943,1940,1937,1934,1931,1928,1925,1922,1919,1916,1913,1910,1907,1904,1901,1898,1895,1892,1889,1886,1883,1880,1877,1874,1871,1868,1865,1862,1859,1856,1853,1850,1847,1844,1841,1838,1835,1832,1829,1826,1823,1820,1817,1814,1811,1808,1805,1802,1799,1796,1793,1790,1787,1784,1781,1778,1775,1772,1769,1766,1763,1760,1757,1754,1751,1748,1745,1742,1739,1736,1733,1730,1727,1724,1721,1718,1715,1712,1709,1706,1703,1700,1697,1694,1691,1688,1685,1682,1679,1676,1673,1670,1667,1664,1661,1658,1655,1652,1649,1646,1643,1640,1637,1634,1631,1628,1625,1622,1619,1616,1613,1610,1607,1604,1601,1598,1595,1592,1589,1586,1583,1580,1577,1574,1571,1568,1565,1562,1559,1556,1553,1550,1547,1544,1541,1538,1535,1532,1529,1526,1523,1520,1517,1514,1511,1508,1505,1502,1499,1496,1493,1490,2225,1485,2224,1479,2131,1473,1796,1467,2219,1461,1788,1455,2130,1449,2214,1443,2121,1437,2211,1431,2118,1425,2117,1419,2206,1413,2205,1407,1403,2585,1397,2201,1392,2200,1386,2199,1380,1376,1372,2576,1366,1363,1359,1355,1351,1347,1343,1339,1335,1331,1327,1323,1319,1315,1311,1307,1303,1299,1295,1291,1287,1283,1279,1275,1271,1267,1263,1259,1255,1251,1247,1243,1239,1235,1231,1227,1223,1219,1215,1211,1207,1203,1199,1195,1191,1187,1183,1179,1175,1171,1168,1165,1162,1159,1156,1153,1150,1147,1144,1141,1138,1135,1132,1129,1126,1123,1120,1117,1114,1111,1108,1105,1102,1099,1096,1093,1090,1087,1084,1081,1078,1075,1072,1069,1066,1063,1060,1057,1054,1051,1048,1045,1042,1039,1036,1033,1030,1027,1024,1021,1018,1015,1012,1009,1006,1003,1000,997,994,991,988,985,982,979,976,973,970,967,964,961,958,955,952,949,946,943,940,937,934,931,928,925,922,919,916,913,910,907,904,901,898,895,892,889,886,883,880,877,874,871,868,865,862,859,856,853,850,847,844,841,838,835,832,829,826,823,820,817,814,811,808,805,802,799,796,793,790,787,784,781,778,775,772,769,766,763,760,757,754,751,748,745,742,739,736,733,730,727,724,721,718,715,712,709,706,703,700,697,694,691,688,685,682,679,676,673,670,667,664,661,658,655,652,649,646,643,640,637,634,631,628,625,622,619,616,613,610,607,604,601,598,595,592,589,586,583,580,577,574,571,568,565,562,559,556,553,550,547,544,541,538,535,532,529,526,523,520,517,514,2924
13976,13986,13975,13993,13984,14000,13972,14007,13989,14012,13979,14018,13994,14024,13965,14029,13999,14035,13980,14040,14002,14044,13968,14049,14006,14054,13981,14058,14010,14064,13950,14070,14013,14073,13982,14078,14017,14082,13961,14085,14020,14089,13981,14093,14022,14096,13945,14100,14025,14104,13981,14107,14028,14111,13954,14115,14030,14118,13981,14122,14034,14127,13919,14130,14038,14134,13980,14138,14039,14140,13947,14144,14042,14148,13980,14150,14044,14153,13922,14156,14045,14158,13979,14161,14047,14164,13938,14166,14049,14169,13977,14172,14050,14174,13898,14177,14052,14180,13976,14182,14054,14185,13930,14188,14055,14190,13975,14193,14057,14196,13899,14198,14059,14202,13973,14205,14060,14207,13922,14211,14062,14214,13973,14216,14065,14220,13856,14224,14066,14225,13973,14228,14068,14231,13913,14232,14070,14235,13970,14238,14070,14239,13876,14242,14072,14245,13969,14246,14074,14248,13905,14250,14074,14251,13967,14253,14075,14255,13843,14256,14076,14258,13964,14260,14076,14261,13896,14263,14077,14265,13962,14266,14078,14268,13851,14270,14078,14271,13960,14273,14079,14275,13886,14276,14080,14278,13957,14280,14080,14281,13803,14283,14081,14285,13955,14286,14082,14288,13877,14290,14082,14291,13953,14293,14083,14295,13827,14296,14084,14298,13950,14300,14084,14301,13868,14303,14085,14305,13948,14306,14086,14308,13788,14310,14086,14311,13946,14313,14088,14316,13858,14317,14089,14319,13943,14321,14089,14322,13803,14324,14091,14326,13941,14327,14092,14329,13850,14331,14092,14332,13940,14334,14094,14336,13729,14337,14096,14339,13937,14341,14095,14341,13842,14343,14096,14345,13935,14345,14097,14347,13778,14349,14096,14349,13933,14351,14097,14353,13831,14353,14098,14355,13929,14357,14097,14357,13733,14359,14098,14361,13927,14361,14099,14363,13822,14364,14098,14364,13925,14365,14098,14366,13754,14366,14098,14367,13921,14368,14097,14368,13812,14369,14097,14370,13918,14370,14097,14371,13684,14372,14096,14372,13915,14373,14096,14374,13801,14374,14096,14375,13911,14376,14095,14376,13729,14377,14095,14378,13908,14378,14095,14379,13791,14380,14094,14380,13905,14381,14094,14382,13676,14382,14094,14383,13901,14384,14093,14384,13781,14385,14093,14386,13898,14386,14093,14387,13703,14388,14092,14388,13895,14389,14092,14390,13770,14390,14092,14391,13891,14392,14091,14392,13612,14393,14091,14394,13888,14394,14091,14395,13760,14396,14090,14396,13885,14397,14090,14398,13678,14398,14090,14399,13881,14400,14089,14400,13750,14401,14089,14402,13878,14402,14089,14403,13620,14404,14088,14404,13875,14405,14088,14406,13739,14406,14088,14407,13871,14408,14087,14408,13653,14409,14087,14410,13868,14410,14087,14411,13729,14412,14086,14412,13865,14413,14086,14414,13565,14414,14086,14415,13861,14416,14085,14416,13719,14417,14085,14418,13859,14418,14086,14419,13627,14420,14085,14420,13856,14421,14085,14422,13708,14422,14085,14423,13852,14424,14084,14424,13564,14425,14084,14426,13850,14426,14084,14427,13698,14428,14083,14428,13847,14429,14083,14430,13603,14430,14083,14431,13843,14432,14082,14432,13689,14433,14082,14434,13841,14434,14082,14435,13474,14436,14081,14435,13839,14436,14081,14437,13678,14436,14081,14437,13834,14438,14079,14437,13579,14438,14079,14439,13831,14438,14079,14439,13668,14440,14077,14439,13828,14440,14077,14441,13507,14440,14077,14441,13823,14442,14075,14441,13658,14442,14075,14443,13820,14442,14075,14443,13552,14444,14073,14443,13817,14444,14073,14445,13646,14444,14073,14445,13812,14446,14071,14445,13446,14446,14071,14447,13809,14446,14071,14447,13636,14448,14069,14447,13806,14448,14069,14448,13527,14447,14068,14447,13801,14447,14066,14446,13626,14446,14065,14446,13797,14445,14064,14445,13451,14445,14062,14444,13793,14444,14061,14444,13614,14443,14060,14443,13788,14443,14058,14442,13501,14442,14057,14442,13784,14441,14056,14441,13603,14441,14054,14440,13780,14440,14053,14440,13365,14439,14052,14439,13775,14439,14050,14438,13592,14438,14049,14438,13771,14437,14048,14437,13474,14437,14046,14436,13767,14436,14045,14436,13580,14435,14044,14435,13762,14435,14042,14434,13394,14434,14041,14434,13758,14433,14040,14433,13569,14433,14038,14432,13754,14432,14037,14432,13448,14431,14036,14431,13749,14431,14034,14430,13558,14430,14033,14430,13745,14429,14032,14429,13325,14429,14030,14428,13741,14428,14029,14428,13546,14427,14028,14427,13736,14427,14026,14426,13422,14426,14025,14426,13732,14425,14024,14425,13535,14425,14022,14424,13728,14424,14021,14424,13336,14423,14020,14423,13723,14423,14018,14422,13524,14422,14017,14422,13719,14421,14016,14421,13395,14421,14014,14420,13715,14420,14013,14420,13512,14419,14012,14419,13710,14419,14010,14418,13229,14418,14009,14418,13706,14417,14008,14417,13501,14417,14006,14416,13702,14416,14005,14416,13369,14415,14004,14415,13697,14415,14002,14414,13490,14414,14001,14414,13693,14413,14000,14413,13279,14413,13998,14412,13689,14412,13997,14412,13478,14411,13996,14411,13684,14411,13994,14410,13343,14410,13993,14410,13680,14409,13992,14409,13467,14409,13990,14408,13676,14408,13989,14408,13205,14407,13988,14407,13671,14407,13986,14406,13456,14406,13985,14406,13667,14405,13984,14405,13316,14405,13982,14404,13663,14404,13981,14404,13444,14403,13980,14403,13658,14403,13978,14402,13222,14402,13977,14402,13654,14401,13976,14401,13433,14401,13974,14400,13650,14400,13973,14400,13290,14399,13972,14399,13645,14399,13970,14398,13422,14398,13969,14398,13641,14397,13968,14397,13118,14397,13966,14396,13637,14396,13965,14396,13410,14395,13964,14395,13632,14395,13962,14394,13264,14394,13961,14394,13628,14393,13960,14393,13400,14393,13958,14392,13625,14392,13957,14392,13164,14391,13956,14391,13620,14391,13954,14390,13389,14390,13953,14390,13616,14389,13952,14389,13237,14389,13950,14388,13612,14388,13949,14388,13377,14387,13948,14387,13607,14387,13946,14386,13085,14386,13945,14386,13603,14385,13944,14385,13367,14385,13942,14384,13599,14384,13941,14384,13211,14383,13940,14383,13594,14383,13938,14382,13356,14382,13937,14382,13590,14381,13936,14381,13108,14381,13934,14380,13586,14380,13933,14380,13344,14379,13932,14379,13581,14379,13930,14378,13186,14377,13929,14376,13577,14375,13928,14374,13334,14373,13926,14372,13573,14371,13925,14370,12963,14369,11894,14368,13568,11892,13921,14365,11890,14364,13920,11888,13564,14361,11886,14360,13159,11884,13916,14357,11882,14356,13915,11880,13311,14353,11878,14352,13554,11876,13911,14349,11874,14348,13910,11872,13550,14345,11870,14344,13300,11868,13906,14341,11866,14340,13905,11864,13133,14337,11862,14336,13540,11860,13901,14333,11858,14332,13900,11856,13536,14329,11854,14328,12964,11852,13896,14325,11850,14324,13895,11848,13276,14321,11846,14320,13526,11844,13891,14317,11842,14316,13890,11840,13522,14313,11838,14312,13265,11836,13886,14309,11834,14308,13885,11832,12993,14305,11830,14304,13512,11828,13881,14301,11826,14300,13880,11824,13508,14297,11822,14296,13079,11820,13876,14293,11818,14292,13875,11816,13241,14289,11814,14288,13498,11812,13871,14285,11810,14284,13870,11808,13494,14281,11806,14280,13230,11804,13866,14277,11802,14276,13865,11800,13053,14273,11798,14272,13484,11796,13861,14269,11794,14268,13860,11792,13480,14265,11791,14264,12936,11789,13855,14261,11788,14260,13853,11786,13206,14257,11785,14256,13469,11783,13848,14253,11782,14252,13846,11780,13464,14249,11779,14248,13194,11777,13841,14245,11776,14244,13839,11774,12844,14241,11773,14240,13453,11771,13834,14237,11770,14236,13832,11768,13448,14233,11767,14232,12999,11765,13827,14229,11764,14228,13825,11762,13169,14225,11761,14224,13437,11759,13820,14221,11758,14220,13818,11756,13432,14217,11755,14216,13157,11753,13813,14213,11752,14212,13811,11750,12972,14209,11749,14208,13421,11747,13806,14205,11746,14204,13804,11744,13416,14201,11743,14200,12726,11741,13799,14197,11740,14196,13797,11738,13132,14193,11737,14192,13405,11735,13792,14189,11734,14188,13790,11732,13400,14185,11731,14184,13120,11729,13785,14181,11728,14180,13783,11726,12819,14177,11725,14176,13389,11723,13778,14173,11722,14172,13776,11720,13384,14169,11719,14168,12917,11717,13771,14165,11716,14164,13769,11714,13095,14161,11713,14160,13373,11711,13764,14157,11710,14156,13762,11708,13368,14153,11707,14152,13083,11705,13757,14149,11704,14148,13755,11702,12890,14145,11701,14144,13357,11699,13750,14141,11698,14140,13748,11696,13352,14137,11694,14136,12761,11692,13743,14133,11690,14132,13741,11688,13058,14129,11686,14128,13341,11684,13736,14125,11682,14124,13734,11680,13336,14121,11678,14120,13046,11676,13729,14117,11674,14116,13727,11672,12622,14113,11670,14112,13325,11668,13722,14109,11666,14108,13720,11664,13320,14105,11662,14104,12835,11660,13715,14101,11658,14100,13713,11656,13021,14097,11654,14096,13309,11652,13708,14093,11650,14092,13706,11648,13304,14089,11646,14088,13009,11644,13701,14085,11642,14084,13699,11640,12808,14081,11638,14080,13293,11636,13694,14077,11634,14076,13692,11632,13288,14073,11630,14072,12601,11628,13687,14069,11626,14068,13685,11624,12984,14065,11622,14064,13277,11620,13680,14061,11618,14060,13678,11616,13272,14057,11614,14056,12972,11612,13673,14053,11610,14052,13671,11608,12644,14049,11606,14048,13261,11604,13666,14045,11602,14044,13664,11600,13256,14041,11598,14040,12753,11596,13659,14037,11594,14036,13657,11592,12947,14033,11590,14032,13245,11588,13652,14029,11586,14028,13650,11584,13240,14025,11582,14024,12935,11580,13645,14021,11578,14020,13643,11576,12726,14017,11574,14016,13229,11572,13638,14013,11570,14012,13636,11568,13224,14009,11566,14008,12586,11564,13631,14005,11562,14004,13629,11560,12910,14001,11558,14000,13213,11556,13624,13997,11554,13996,13622,11552,13208,13993,11550,13992,12898,11548,13617,13989,11546,13988,13615,11544,12480,13985,11542,13984,13197,11540,13610,13981,11538,13980,13608,11536,13192,13977,11534,13976,12671,11532,13603,13973,11530,13972,13601,11528,12873,13969,11526,13968,13181,11524,13596,13965,11522,13964,13594,11520,13176,13961,11518,13960,12861,11516,13589,13957,11514,13956,13587,11512,12644,13953,11510,13952,13165,11508,13582,13949,11506,13948,13580,11504,13160,13945,11502,13944,12374,11500,13575,13941,11498,13940,13573,11496,12836,13937,11494,13936,13149,11492,13568,13933,11490,13932,13566,11488,13144,13929,11486,13928,12824,11485,13561,13925,11484,13924,13559,11483,12469,13921,11481,13920,13133,11480,13554,13917,11479,13916,13552,11478,13128,13913,11477,13912,12589,11475,13547,13909,11474,13908,13545,11473,12799,13905,11472,13904,13117,11471,13540,13901,11469,13900,13538,11468,13112,13897,11467,13896,12787,11466,13533,13893,11465,13892,13531,11463,12562,13889,11462,13888,13101,11461,13526,13885,11460,13884,13524,11459,13096,13881,11457,13880,12411,11456,13519,13877,11455,13876,13517,11454,12762,13873,11453,13872,13085,11451,13512,13869,11450,13868,13510,11449,13080,13865,11448,13864,12750,11447,13505,13861,11445,13860,13503,11444,12223,13857,11443,13856,13069,11442,13498,13853,11440,13852,13496,11438,13064,13849,11437,13848,12507,11436,13491,13845,11435,13844,13489,11434,12725,13841,11432,13840,13053,11431,13484,13837,11430,13836,13482,11429,13048,13833,11428,13832,12713,11426,13477,13829,11425,13828,13475,11424,12481,13825,11423,13824,13037,11422,13470,13821,11420,13820,13468,11419,13032,13817,11418,13816,12237,11417,13463,13813,11416,13812,13461,11414,12689,13809,11413,13808,13021,11412,13456,13805,11411,13804,13454,11410,13016,13801,11408,13800,12677,11407,13449,13797,11406,13796,13447,11404,12294,13793,11402,13792,13005,11400,13442,13789,11398,13788,13440,11396,13000,13785,11394,13784,12426,11392,13435,13781,11390,13780,13433,11388,12652,13777,11386,13776,12989,11384,13428,13773,11382,13772,13426,11380,12984,13769,11378,13768,12640,11376,13421,13765,11374,13764,13419,11372,12400,13761,11370,13760,12973,11368,13414,13757,11366,13756,13412,11364,12968,13753,11362,13752,12236,11360,13407,13749,11358,13748,13405,11356,12615,13745,11354,13744,12957,11352,13400,13741,11350,13740,13398,11348,12952,13737,11346,13736,12603,11344,13393,13733,11342,13732,13391,11340,12117,13729,11338,13728,12941,11336,13386,13725,11334,13724,13384,11332,12936,13721,11330,13720,12345,11328,13379,13717,11326,13716,13377,11324,12578,13713,11322,13712,12925,11320,13710,13710,11318,13709,13709,11316,12920,13707,11314,13706,12566,11312,13704,13704,11310,13703,13703,11308,12319,13701,11306,13700,12909,11304,13698,13698,11302,13697,13697,11300,12904,13695,11298,13694,11940,9954,13692,13692,9952,13691,13691,9950,12541,13689,9948,13688,12892,9946,13686,13686,9944,13685,13685,9942,12887,13683,9940,13682,12529,9938,13680,13680,9936,13679,13679,9934,12120,13677,9932,13676,12875,9930,13674,13674,9928,13673,13673,9926,12870,13671,9924,13670,12264,9922,13668,13668,9920,13667,13667,9918,12503,13665,9916,13664,12858,9914,13662,13662,9912,13661,13661,9910,12853,13659,9908,13658,12491,9906,13656,13656,9904,13655,13655,9902,12237,13653,9900,13652,12841,9898,13650,13650,9896,13649,13649,9894,12836,13647,9892,13646,12062,9890,13644,13644,9888,13643,13643,9886,12465,13641,9884,13640,12824,9882,13638,13638,9880,13637,13637,9878,12819,13635,9876,13634,12453,9874,13632,13632,9872,13631,13631,9870,11877,13629,9868,13628,12807,9866,13626,13626,9864,13625,13625,9862,12802,13623,9860,13622,12181,9858,13620,13620,9856,13619,13619,9854,12427,13617,9852,13616,12790,9850,13614,13614,9848,13613,13613,9846,12785,13611,9844,13610,12415,9842,13608,13608,9840,13607,13607,9838,12154,13605,9836,13604,12773,9834,13602,13602,9832,13601,13601,9830,12768,13599,9828,13598,11874,9826,13596,13596,9824,13595,13595,9822,12389,13593,9820,13592,12756,9818,13590,13590,9816,13589,13589,9814,12751,13587,9812,13586,12377,9810,13584,13584,9808,13583,13583,9806,11944,13581,9804,13580,12739,9802,13578,13578,9800,13577,13577,9798,12734,13575,9796,13574,12098,9794,13572,13572,9792,13571,13571,9790,12351,13569,9788,13568,12722,9786,13566,13566,9784,13565,13565,9782,12717,13563,9780,13562,12339,9778,13560,13560,9776,13559,13559,9774,12071,13557,9772,13556,12705,9770,13554,13554,9768,13553,13553,9766,12700,13551,9764,13550,11886,9762,13548,13548,9760,13547,13547,9758,12313,13545,9756,13544,12688,10996,13542,13542,9751,13541,13541,10991,10991,13539,10614,13538,10988,10988,13536,13536,9740,13535,13535,10983,10983,13533,10605,13532,10980,10980,13530,13530,9729,13529,13529,10975,10975,13527,10596,13526,10972,10972,13524,13524,9718,13523,13523,10967,10967,13521,10587,13520,10964,10964,13518,13518,9707,13517,13517,10959,10959,13515,10578,13514,10956,10956,11567,13511,9696,13510,13510,10951,10951,13508,10569,13507,10948,10948,13505,13505,9685,13504,13504,10943,10943,13502,10560,13501,10940,10940,13499,13499,9674,13498,13498,10935,10935,13496,10551,13495,10932,10932,13493,13493,9663,13492,13492,10927,10927,13490,10542,13489,10924,10924,13487,13487,9652,13486,13486,10919,10919,13484,10533,13483,10916,10916,13481,13481,9641,13480,13480,10911,10911,13478,10524,13477,10908,10908,13475,13475,9630,13474,13474,10903,10903,13472,10515,13471,10900,10900,13469,13469,9619,13468,13468,10895,10895,13466,10506,13465,10892,10892,13463,13463,9608,13462,13462,10887,10887,13460,10497,13459,10884,10884,13457,13457,9597,13456,13456,10879,10879,13454,10488,13453,10876,10876,13451,13451,9586,13450,13450,10871,10871,13448,10479,13447,10868,10868,13445,13445,9575,13444,13444,10863,10863,13442,10470,13441,10860,10860,13439,13439,9564,13438,13438,10855,10855,13436,10461,13435,10852,10852,13433,13433,9553,13432,13432,10847,10847,13430,10452,13429,10845,10845,13427,13427,9543,13426,13426,10840,10840,13424,10443,13423,10838,10838,13421,13421,9533,13420,13420,10833,10833,13418,10434,13417,10831,10831,13415,13415,9523,13414,13414,10827,10827,13412,10425,13411,10824,10824,13409,13409,9514,13408,13408,10819,10819,13406,10416,13405,10816,10816,13403,13403,9503,13402,13402,10811,10812,13400,10407,13399,10810,10811,13397,13397,9493,13396,13396,10807,10807,13394,10398,13393,10804,10804,13391,13391,9483,13390,13390,10799,10799,13388,10389,13387,10796,10796,13385,13385,9473,13384,13384,10791,10791,13382,10380,13381,10788,10788,13379,13379,9463,13378,13378,10783,10783,13376,10371,13375,10780,10780,13373,13373,9452,13372,13372,10775,10775,13370,10362,13369,10772,10772,13367,13367,9441,13366,13366,10767,10767,13364,10353,13363,10764,10764,13361,13361,9431,13360,13360,10759,10759,13358,10344,13357,10756,10756,13355,13355,9421,13354,13354,10751,10751,13352,10335,13351,9414,9415,10746,10746,7654,10745,10745,9411,10744,10744,7652,10743,10743,9407,10742,9406,9406,10740,10740,9404,10739,9403,9403,10737,10737,7647,10736,10736,9398,10735,10735,7645,10734,10734,9393,10733,10733,7643,10732,10732,9388,10731,10731,7641,10730,10730,9383,10729,10729,7639,10728,10728,9378,10727,10727,7637,10726,10726,9373,10725,10725,7635,10724,10724,9368,10723,10723,7633,10722,10722,9363,10721,10721,7631,10720,10720,9358,10719,10719,7629,10718,10718,9354,10717,10717,7627,10716,10716,9350,10715,10715,7625,10714,10714,9345,10713,10713,7623,10712,10712,9341,10711,10711,7621,10710,10710,9337,10709,10709,7619,10708,10708,9332,10707,10707,7617,10706,10706,9328,10705,10705,7615,10704,10704,9323,10703,10703,7613,10702,10702,9319,10701,10701,7611,10700,10700,9314,10699,10699,7609,10698,10698,9309,10697,10697,7607,10696,10696,9304,10695,10695,7605,10694,10694,9299,10693,10693,7603,10692,10692,9294,10691,10691,7601,10690,10690,9289,10689,10689,7599,10688,10688,9284,10687,10687,7597,10686,10686,9279,10685,10685,7595,10684,10684,9274,10683,10683,7593,10682,10682,9269,10681,10681,7591,10680,10680,9264,10679,10679,7589,10678,10678,9259,10677,10677,7587,10676,10676,9255,10675,10675,7585,10674,10674,9250,10673,10673,7583,10672,10672,9246,10671,10671,7581,10670,10670,9241,10669,10669,7579,10668,10668,9236,10667,10667,7577,10666,10666,9231,10665,10665,7575,10664,10664,9226,10663,10663,7573,10662,10662,9221,10661,9220,9221,10659,9220,9221,10657,9220,9220,10655,9219,9219,10653,9218,9218,10651,9217,9217,10649,9216,9216,10647,9215,9215,10645,9214,9214,10643,9213,9213,10641,9212,9212,10639,9211,9211,10637,9210,9210,10635,9209,9209,10633,9208,9209,10631,9209,9210,10629,9210,9211,10627,9211,9212,10625,9212,9213,10623,9213,9214,10621,9214,9215,10619,9215,9216,10617,9216,9217,10615,9217,9218,10613,9218,9219,10611,9219,9219,10609,9218,9218,10607,9217,9217,10605,9216,9216,10603,9215,9215,10601,9214,9214,10599,9213,9213,10597,9212,9212,10595,9211,9211,10593,9210,9210,10591,9209,9209,10589,9208,9208,10587,9207,9207,10585,9206,9206,10583,9205,9205,10581,9204,9204,10579,9203,9203,10577,9202,9202,10575,9201,9201,10573,9200,9200,10571,9199,9199,10569,9198,9198,10567,9197,9197,10565,9196,9196,10563,9195,9195,10561,9194,9194,10559,9193,9193,10557,9192,9192,10555,9191,9191,10553,9190,9190,10551,9189,9189,10549,9188,9188,10547,9187,9187,10545,9186,9186,10543,9185,9185,10541,9184,9184,10539,9183,9183,10537,9182,9182,10535,9181,9181,10533,9180,9180,10531,9179,9179,10529,9178,9178,10527,9177,9177,10525,9176,9176,10523,9175,9175,10521,9174,9174,10519,9173,9173,10517,9172,9172,10515,9171,9171,10513,9170,9170,10511,9169,9169,10509,9168,9168,10507,9167,9167,10505,9166,9166,10503,9165,9165,10501,9164,9164,10499,9163,9163,10497,9162,9162,10495,9161,9161,10493,9160,9161,10491,9161,9162,10489,9161,9161,10487,9160,9160,10485,9159,9159,10483,9158,9158,10481,9157,9157,10479,9156,9156,10477,9155,9155,10475,9154,9154,10473,9153,9153,10471,9152,9152,10469,9151,9151,10467,9150,9150,10465,9149,9149,10463,9148,9148,10461,9147,9147,10459,9146,9146,10457,9145,9145,10455,9144,9144,10453,9143,9143,10451,9142,9142,10449,9141,9141,10447,9140,9140,10445,9139,9139,10443,9138,9138,10441,9137,9137,10439,9136,9136,10437,9135,9135,10435,9134,9134,10433,9133,9133,10431,9132,9132,10429,9131,9131,10427,9130,9130,10425,9129,9129,10423,9128,9128,10421,9127,9127,10419,9126,9126,10417,9125,9125,10415,9124,9124,10413,9123,9123,10411,9122,9122,10409,9121,9121,10407,9120,6732,10405,9118,10404,6730,9116,9801,10401,9114,6728,10399,9112,9797,10397,6726,10396,10396,9107,9793,6724,9105,10392,10392,9103,6722,10390,9101,10389,10389,6720,9784,10387,9096,10386,6718,9094,9780,10383,9092,6716,10381,9090,9776,10379,6714,10378,10378,9085,9772,6712,9083,10374,10374,9081,6710,10372,9079,10371,10371,6708,9763,10369,9074,10368,6706,9072,9759,10365,9070,6704,10363,9068,9755,10361,6702,10360,10360,9063,9751,6700,9061,10356,10356,9059,6698,10354,9057,10353,10353,6696,9742,10351,9052,10350,6694,9050,9738,10347,9048,6692,10345,9046,9734,10343,6690,10342,10342,9041,9730,6688,9039,10338,10338,9037,6686,10336,9035,10335,10335,6684,9721,10333,9030,10332,6682,9028,9717,10329,9026,6680,10327,9024,9713,10325,6678,10324,10324,9019,9709,6676,9017,10320,10320,9015,6674,10318,9013,10317,10317,6672,9700,10315,9008,10314,6670,9006,9696,10311,9004,6668,10309,9002,9692,10307,6666,10306,10306,8997,9688,6664,8995,10302,10302,8993,6662,10300,8991,10299,10299,6660,9679,10297,8986,10296,6658,8984,9675,10293,8982,6656,10291,8980,9671,10289,6654,10288,10288,8975,9667,6652,8973,10284,10284,8971,6650,10282,8969,10281,10281,6648,9658,12506,8964,12505,6646,8962,9654,12502,8960,6644,12500,8958,9650,12498,6642,12497,12497,8953,8953,6640,8952,12493,12493,8951,6638,12491,8019,12490,12490,6636,9636,12488,8944,12487,6634,8943,9632,12484,8942,6632,10700,8941,9628,12479,6630,12478,12478,8937,9624,6628,8936,12474,12474,8935,6626,12472,8933,12471,12471,6624,9615,12469,8928,12468,6622,8926,9611,12465,8924,6620,12463,8922,9607,12461,6618,12460,12460,8917,9603,6616,8915,12456,12456,8913,6614,12454,8911,12453,10882,6612,9594,12450,8906,12449,6610,12448,9590,8902,8902,6608,12444,8900,9586,12442,6606,12441,12441,8895,9582,6604,7936,12437,12437,8890,6602,12435,8888,12434,12434,6600,9573,12432,8883,12431,6598,8881,9569,12428,8879,6596,12426,8877,9565,12424,6594,12423,10382,8872,9561,6592,8870,12418,12418,8868,6590,12416,8866,12415,12415,6588,9552,12413,8861,12412,6586,8859,9548,12409,8857,6584,12407,8855,9544,12405,6582,12404,12404,8850,9540,6580,8848,12400,12400,8846,6578,12398,8844,12397,12397,6576,9531,12395,8839,12394,6574,8837,9527,12391,8835,6572,12389,8833,10088,12387,6570,12386,12386,8828,10083,6568,8826,12382,12382,8824,6566,12380,8822,12379,12379,6564,10072,12377,8817,12376,6562,8815,10067,8814,8814,6560,12370,8812,10062,12368,6558,12367,12367,8807,10057,6556,8805,12363,10523,8803,6554,12360,8801,12359,12359,6552,10046,8797,8797,12355,6550,8795,10041,12352,8793,6548,12350,8791,10036,12348,6546,8788,12346,8787,8787,6544,8786,12342,12342,8784,6542,12340,8782,12339,12339,6540,10019,8778,8778,12335,6538,8776,10014,12332,8774,12331,6536,8772,10009,12328,8770,12327,6535,8768,8768,12324,6533,12323,12323,8764,9998,6531,8762,12319,12319,7748,9993,6529,7746,12315,12315,7744,9988,6527,7742,12311,12311,7740,9983,6525,7738,12307,12307,7736,9978,6523,7734,12303,12303,7732,9973,6521,7598,12299,10285,7727,9968,6519,7725,12294,12294,7723,9963,6517,12291,12291,12291,12291,9958,6515,12289,12289,12289,12289,9953,6513,12287,12287,12287,12287,9948,6511,12285,12285,12285,12285,9943,6509,12283,12283,12283,12283,9938,6507,12281,12281,12281,12281,9933,6505,12279,12279,12279,12279,9928,6503,12277,12277,12277,12277,9923,6501,12275,12275,12275,12275,9918,6499,10134,12272,12272,12272,9913,6497,7661,7640,7660,12267,7632,6495,12265,12265,12265,12265,9902,6493,12263,12263,12263,12263,7647,6491,12261,12261,12261,12261,9891,6489,12259,12259,10346,7637,9886,6487,12255,12255,12255,12255,7631,6485,12253,12253,9877,12252,9876,6483,12250,12250,12250,12250,9871,6481,12248,12248,12248,12248,9866,6479,12246,12246,12246,12246,9861,6477,12244,12244,12244,12244,9856,6475,12242,12242,12242,12242,9851,6473,12240,12240,12240,12240,9846,6471,12238,12238,12238,12238,9841,6469,12236,12236,12236,12236,9836,6467,10288,12233,12233,12233,9831,6465,12231,12231,12231,12231,9826,6463,12229,12229,12229,12229,9821,6461,12227,12227,12227,12227,9816,6459,12225,12225,12225,12225,9811,6457,12223,12223,4099,4097,4095,4099,4096,4096,4097,4097,4097,4097,4097,4097,4097,4097,4097,4097,4097,4097,4097,4097,4097,4097,4097,4097,4097,4097,4097,4097,4097,4097,4097,4097,4097,4097,4097,4097,4097,4097,4097,4097,4097,4097,4097,4097,4097,4097,4097,4097,4097,4097,4097,4097,4097,4097,4097,4097,4097,4097,4097,4097,4097,4097,4097,4097,4097,4097,4097,4097,4097,4097,4097,4097,4097,4097,4097,4097,4097,4097,4097,4097,4097,4097,4097,4097,4097,4097,4097,4097,4097,4097,4097,4097,4097,4097,4097,4097,4097,4097,4097,4097,4097,4097,4097,4097,4097,4097,4097,4097,4097,4097,4097,4097,4097,4097,4097,4097,4097,4097,4097,4097,4097,4097,4097,4097,4097,4097,4097,4097,4097,4097,4097,4097,4097,4097,4097,4097,4097,4097,4097,4097,4097,4097,4097,4097,4097,4097,4097,4097,4097,4097,4097,4097,4097,4097,4097,4097,4097,4097,4097,4097,4097,4097,4097,4097,4097,4097,4097,4097,4097,4097,4097,4097,4097,4097,4097,4097,4097,4097,4097,4097,4097,4097,4097,4097,4097,4097,4097,4097,4097,4097,4097,4097,4097,4097,4097,4097,4097,4097,4097,4097,4097,4097,4097,4097,4097,4097,4097,4097,4097,4097,4097,4097,4097,4097,4097,4097,4097,4097,4097,4097,4097,4097,4097,4097,4097,4097,4097,4097,4097,4097,4097,4097,4097,4097,4097,4097,4097,4097,4097,4097,4097,4097,4097,4097,4097,4097,4097,4097,4097,4097,4097,4097,4097,4097,4097,4097,4097,4097,4097,4097,4097,4097,4097,4097,4097,4097,4097,4097,4097,4097,4097,4097,4097,4097,4097,4097,4097,4097,4097,4097,4097,4097,4097,4097,4097,4097,4097,4097,4097,4097,4097,4097,4097,4097,4097,4097,4097,4097,4097,4097,4097,4097,4097,4097,4097,4097,4097,4097,4097,4097,4097,4097,4097,4097,4097,4097,4097,4097,4097,4097,4097,4097,4097,4097,4097,4097,4097,4097,4097,4097,4097,4097,4097,4097,4097,4097,4097,4097,4097,4097,4097,4097,4097,4097,4097,4097,4097,4097,4097,4097,4097,4097,4097,4097,4097,4097,4097,4097,4097,4097,4097,4097,4097,4097,4097,4097,4097,4097,4097,4097,4097,4097,4097,4097,4097,4097,4097,4097,4097,4097,4097,4097,4097,4097,4097,4097,4097,4097,4097,4097,4097,4097,4097,4097,4097,4097,4097,4097,4097,4097,4097,4097,4097,4097,4097,4097,4097,4097,4097,4097,4097,4097,4097,4097,4097,4097,4097,4097,4097,4097,4097,4097,4097,4097,4097,4097,4097,4097,4097,4097,4097,4097,4097,4097,4097,4097,4097,4097,4097,4097,4097,4097,4097,4097,4097,4097,4097,4097,4097,4097,4097,4097,4097,4097,4097,4097,4097,4097,4097,4097,4097,4097,4097,4097,4097,4097,4097,4097,4097,4097,4097,4097,4097,4097,4097,4097,4097,4097,4097,4097,4097,4097,4097,4097,4097,4097,4097,4097,4097,4097,4097,4097,4097,4097,4097,4097,4097,4097,4097,4097,4097,4097,4097,4097,4097,4097,4097,4097,4097,4097,4097,4097,4097,4097,4097,4097,4097,4097,4097,4097,4097,4097,4097,4097,4097,4097,4097,4097,4097,4097,4097,4097,4097,4097,4097,4097,4097,4097,4097,4097,4097,4097,4097,4097,4097,4097,4097,4097,4097,4097,4097,4097,4097,4097,4097,4097,4097,4097,4097,4097,4097,4097,4097,4097,4097,4097,4097,4097,4097,4097,4097,4097,4097,4097,4097,4097,4097,4097,4097,4097,4097,4097,4097,4097,4097,4097,4097,4097,4097,4097,4097,4097,4097,4097,4097,4097,4097,4097,4097,4097,4097,4097,4097,4097,4097,4097,4097,4097,4097,4097,4097,4097,4097,4097,4097,4097,4097,4097,4097,4097,4097,4097,4097,4097,4097,4097,4097,4097,4097,4097,4097,4097,4097,4097,4097,4097,4097,4097,4097,4097,4097,4097,4097,4097,4097,4097,4097,4097,4097,4097,4097,4097,4097,4097,4097,4097,4097,4097,4097,4097,4097,4097,4097,4097,4097,4097,4097,4097,4097,4097,4097,4097,4097,4097,4097,4097,4097,4097,4097,4097,4097,4097,4097,4097,4097,4097,4097,4097,4097,4097,4097,4097,4097,4097,4097,4097,4097,4097,4097,4097,4097,4097,4097,4097,4097,4097,4097,4097,4097,4097,4097,4097,4097,4097,4097,4097,4097,4097,4097,4097,4097,4097,4097,4097,4097,4097,4097,4097,4097,4097,4097,4097,4097,4097,4097,4097,4097,4097,4097,4097,4097,4097,4097,4097,4097,4097,4097,4097,4097,4097,4097,4097,4097,4097,4097,4097,4097,4097,4097,4097,4097,4097,4097,4097,4097,4097,4097,4097,4097,4097,4097,4097,4097,4097,4097,4097,4097,4097,4097,4097,4097,4097,4097,4097,4097,4097,4097,4097,4097,4097,4097,4097,4097,4097,4097,4097,4097,4097,4097,4097,4097,4097,4097,4097,4097,4097,4097,4097,4097,4097,4097,4097,4097,4097,4097,4097,4097,4097,4097,4097,8988,4096,4096,4096,4096,4096,4096,4096,4096
